Title,Address,Phone
Cửa Hàng Sắt Thép Hoàng Thắng,"277AB Lý Thường Kiệt, Phường 15, Quận 11, Thành phố Hồ Chí Minh, Vietnam",+84 28 3865 0426
Cửa Hàng Sắt Thép Đắc Thành Đạt,"A8/23D Ấp1, Đ. Võ Văn Vân, Vĩnh Lộc B, Bình Chánh, Thành phố Hồ Chí Minh, Vietnam",+84 904 466 935
Cửa Hàng Sắt Thép Trường Thành,,+84 918 493 942
Của Hàng Sắt Thếp Kim Ngân,"QPQP+863, Lương Định Của, P. Bình An, Quận 2, Thành phố Hồ Chí Minh, Vietnam",
Kệ sắt V lỗ Anh Khoa,"4/18E Tổ 15, Khu Phố 6, Quận 12, Thành phố Hồ Chí Minh 700000, Vietnam",+84 919 803 110
Cơ Sở Cắt Sắt 245,"phường 15, Quận 5, Thành phố Hồ Chí Minh, Vietnam",
Cửa Hàng Sắt Thép Số 2,"4 Đ. Lũy Bán Bích, Tân Thới Hoà, Tân Phú, Thành phố Hồ Chí Minh, Vietnam",+84 972 413 179
Cơ Sở Sắt Thép Phú Cường,"54 Linh Trung, Phường Linh Trung, Thủ Đức, Thành phố Hồ Chí Minh 700000, Vietnam",
SẮT HỘP DUY TUẤN,"08 Bạch Đằng, Phường 2, Tân Bình, Thành phố Hồ Chí Minh 72108, Vietnam",+84 924 538 999
Cửa Hàng Sắt Thép Vạn Thành,"15 Đ. Nguyễn Thị Đặng, Tân Thới Hiệp, Quận 12, Thành phố Hồ Chí Minh, Vietnam",+84 28 6675 3199
Cửa Hàng Sắt Thép Hồng Châm,"111 Đ. Hoàng Văn Thụ, Phường 8, Phú Nhuận, Thành phố Hồ Chí Minh, Vietnam",+84 903 821 814
Cửa Hàng Sắt An Phú Vinh,"954 Đ. Nguyễn Duy Trinh, Phường Phú Hữu, Quận 9, Thành phố Hồ Chí Minh 70000, Vietnam",+84 967 116 662
Cửa Hảng Sắt Thép Ngọc Kim Ngân,"104, Kinh Dương Vương, Phường 13, Quận 6, Phường 13, Quận 6, Thành phố Hồ Chí Minh, Vietnam",+84 903 958 709
CÔNG TY TNHH MTV TM DV SẮT THÉP ĐỨC THÀNH TRUNG,"246 ĐT746, KP. Tân Hội, Tân Uyên, Bình Dương, Vietnam",+84 975 959 621
Cửa Hàng Sắt Thép Đức Hà Phát Sắt Thép Xây Dựng,"2PVM+V5P, ĐT746, Xã Tân Hiệp, Tân Uyên, Bình Dương, Vietnam",+84 974 549 149
"Cửa hàng sắt thép, xà gồ Phú Thành","437 Đ. Hoàng Văn Thụ, Phường 4, Tân Bình, Thành phố Hồ Chí Minh 700000, Vietnam",+84 962 235 697
Cơ Sở Sắt Thép Trường Phú - sơn xịt SAMURAI,"283 Đ. Phạm Hùng, P, Cái Răng, Cần Thơ, Vietnam",+84 932 995 982
Cửa Hàng Sắt 64,"064 QL1A, KP4, Xuân Hoà, Long Khánh, Đồng Nai, Vietnam",+84 251 3870 741
Dntn Sắt Thép Trung Nam,"PWQX+CP8, Tôn Đức Thắng, Hiệp Phước, Nhơn Trạch, Đồng Nai, Vietnam",+84 251 3848 157
Cửa Hàng Sắt Thép Trọng Thắng,"818 Lê Hồng Phong, Phú Thọ, Thủ Dầu Một, Bình Dương, Vietnam",+84 983 700 800
